<?xml version="1.0" encoding="UTF-8"?>
<beans	xmlns="http://www.springframework.org/schema/beans"	
		xmlns:security="http://www.springframework.org/schema/security"
		xmlns:xsi="http://www.w3.org/2001/XMLSchema-instance"
		xsi:schemaLocation="
		http://www.springframework.org/schema/beans http://www.springframework.org/schema/beans/spring-beans-3.0.xsd
        http://www.springframework.org/schema/security http://www.springframework.org/schema/security/spring-security-3.0.xsd">

	<!-- Password encoder -->
	<!-- http://static.springsource.org/spring-security/site/docs/3.1.x/reference/crypto.html -->
	<bean id="passwordEncoder" class="org.springframework.security.crypto.password.StandardPasswordEncoder">
		<constructor-arg name="secret" value="s3cret" />
	</bean>

	<!-- The 'global-method-security' element is used to specify security settings 
		that apply across an entire application context. In this case I have enabled 
		annotation-based security by setting the attribute 'secured-annotations' 
		to "enabled". Default value is 'disabled'. Now we are able to secure components 
		and methods using the annotation @Secured. -->
	<security:global-method-security
		secured-annotations="enabled" />

				<!-- Define local authentication provider, a real app would use an external 
		provider (JDBC, LDAP, CAS, etc) usernames/passwords are: atka/atka csillus/csillus -->
	<security:authentication-manager>
		<!-- <authentication-provider> -->
		<!-- <password-encoder hash="plaintext" /> -->
		<!-- <user-service> -->
		<!-- <user name="atka" password="atka" authorities="ROLE_USER, ROLE_SUPERVISOR" /> -->
		<!-- <user name="csillus" password="csillus" authorities="ROLE_USER" /> -->
		<!-- </user-service> -->
		<!-- </authentication-provider> -->
		<security:authentication-provider user-service-ref="loginService" />
	</security:authentication-manager>
</beans>