<?xml version="1.0" encoding="UTF-8"?>
<services-config>

	<services>
		<default-channels>
			<channel ref="my-amf" />
		</default-channels>
	</services>

	<channels>
		<!-- <channel-definition id="my-amf" class="mx.messaging.channels.HTTPChannel"> -->
		<!-- <endpoint url="http://{server.name}:{server.port}/messagebroker/http" -->
		<!-- class="flex.messaging.endpoints.HTTPEndpoint"/> -->
		<!-- </channel-definition> -->

		<!-- Non-polling AMF -->
		<channel-definition id="my-amf"
			class="mx.messaging.channels.AMFChannel">
			<endpoint url="http://{server.name}:{server.port}/messagebroker/amf"
				class="flex.messaging.endpoints.AMFEndpoint" />
		</channel-definition>

		<!-- Non-polling secure AMF -->
		<channel-definition id="my-secure-amf"
			class="mx.messaging.channels.SecureAMFChannel">
			<endpoint
				url="https://{server.name}:{server.port}/messagebroker/amfsecure"
				class="flex.messaging.endpoints.SecureAMFEndpoint" />
			<properties>
				<add-no-cache-headers>false</add-no-cache-headers>
			</properties>
		</channel-definition>

	</channels>

	<logging>
		<target class="flex.messaging.log.ConsoleTarget" level="Error">
			<properties>
				<prefix>[BlazeDS] </prefix>
				<includeDate>false</includeDate>
				<includeTime>false</includeTime>
				<includeLevel>false</includeLevel>
				<includeCategory>false</includeCategory>
			</properties>
			<filters>
				<pattern>Endpoint.*</pattern>
				<pattern>Service.*</pattern>
				<pattern>Configuration</pattern>
			</filters>
		</target>
	</logging>

	<system>
		<redeploy>
			<enabled>false</enabled>
		</redeploy>
	</system>

</services-config>
