<?xml version="1.0" encoding="UTF-8"?>
<beans:beans xmlns="http://www.springframework.org/schema/security"
	xmlns:beans="http://www.springframework.org/schema/beans" 
	xmlns:xsi="http://www.w3.org/2001/XMLSchema-instance"
	xsi:schemaLocation="http://www.springframework.org/schema/beans http://www.springframework.org/schema/beans/spring-beans-3.0.xsd
                        http://www.springframework.org/schema/security http://www.springframework.org/schema/security/spring-security-3.0.xsd">

	<!--
		Define local authentication provider, a real app would use an external provider (JDBC, LDAP, CAS, etc)
		
			usernames/passwords are:
			atka/atka
			csillus/csillus
	-->
	<authentication-manager>
		<authentication-provider>
			<password-encoder hash="plaintext" />
			<user-service>
				<user name="atka" password="atka" authorities="ROLE_USER, ROLE_SUPERVISOR" />
				<user name="csillus" password="csillus" authorities="ROLE_USER" />
			</user-service>
		</authentication-provider>
<!-- 		<authentication-provider user-service-ref="loginService" /> -->
	</authentication-manager>
	
</beans:beans>