<?xml version="1.0" encoding="UTF-8"?>
<services-config>

	<services>
		<default-channels>
			<channel ref="my-amf" />
		</default-channels>
	</services>

	<channels>
		<!-- <channel-definition id="my-amf" class="mx.messaging.channels.HTTPChannel"> -->
		<!-- <endpoint url="http://{server.name}:{server.port}/messagebroker/http" -->
		<!-- class="flex.messaging.endpoints.HTTPEndpoint"/> -->
		<!-- </channel-definition> -->

		<!-- Non-polling AMF -->
		<channel-definition id="my-amf"
			class="mx.messaging.channels.AMFChannel">
			<endpoint url="http://{server.name}:{server.port}/messagebroker/amf"
				class="flex.messaging.endpoints.AMFEndpoint" />
		</channel-definition>

		<!-- Non-polling secure AMF -->
		<channel-definition id="my-secure-amf"
			class="mx.messaging.channels.SecureAMFChannel">
			<endpoint
				url="https://{server.name}:{server.port}/messagebroker/amfsecure"
				class="flex.messaging.endpoints.SecureAMFEndpoint" />
			<properties>
				<add-no-cache-headers>false</add-no-cache-headers>
			</properties>
		</channel-definition>
		
		<!-- MESSAGING -->
		
		<!-- Streaming AMF -->
		<channel-definition id="my-streaming-amf"
			class="mx.messaging.channels.StreamingAMFChannel">
			<endpoint
				url="http://{server.name}:{server.port}/{context.root}/messagebroker/streamingamf"
				class="flex.messaging.endpoints.StreamingAMFEndpoint"/>
		</channel-definition>
		
		<!-- Polling AMF -->
		<channel-definition id="my-polling-amf"
			class="mx.messaging.channels.AMFChannel">
			<endpoint
				url="http://{server.name}:{server.port}/{context.root}/messagebroker/amfpolling"
				class="flex.messaging.endpoints.AMFEndpoint"/>
				<properties>
					<polling-enabled>true</polling-enabled>
					<polling-interval-seconds>4</polling-interval-seconds>
				</properties>
		</channel-definition>
		
		<!-- Long Polling AMF -->
		<channel-definition id="my-longpolling-amf"
			class="mx.messaging.channels.AMFChannel">
			<endpoint
				url="http://{server.name}:{server.port}/{context.root}/messagebroker/amflongpolling"
				class="flex.messaging.endpoints.AMFEndpoint"/>
				<properties>
					<polling-enabled>true</polling-enabled>
					<polling-interval-seconds>5</polling-interval-seconds>
					<wait-interval-millis>60000</wait-interval-millis>
					<client-wait-interval-millis>1</client-wait-interval-millis>
					<max-waiting-poll-requests>200</max-waiting-poll-requests>
				</properties>
		</channel-definition>   

	</channels>

	<logging>
		<target class="flex.messaging.log.ConsoleTarget" level="Error">
			<properties>
				<prefix>[BlazeDS] </prefix>
				<includeDate>false</includeDate>
				<includeTime>false</includeTime>
				<includeLevel>false</includeLevel>
				<includeCategory>false</includeCategory>
			</properties>
			<filters>
				<pattern>Endpoint.*</pattern>
				<pattern>Service.*</pattern>
				<pattern>Configuration</pattern>
			</filters>
		</target>
	</logging>

	<system>
		<redeploy>
			<enabled>false</enabled>
		</redeploy>
		<manageable>false</manageable>
	</system>

</services-config>
