<?xml version="1.0" encoding="UTF-8"?>
<beans:beans xmlns="http://www.springframework.org/schema/security"
	xmlns:beans="http://www.springframework.org/schema/beans" 
	xmlns:xsi="http://www.w3.org/2001/XMLSchema-instance"
	xsi:schemaLocation="http://www.springframework.org/schema/beans http://www.springframework.org/schema/beans/spring-beans-3.0.xsd
                        http://www.springframework.org/schema/security http://www.springframework.org/schema/security/spring-security-3.0.xsd">

	<!--
		Define local authentication provider, a real app would use an external provider (JDBC, LDAP, CAS, etc)
		
			usernames/passwords are:
			mario/mario
			sofia/sofia
			luigi/luigi
			federica/federica
	-->
	<authentication-manager>
		<authentication-provider>
			<password-encoder hash="plaintext" />
			<user-service>
				<user name="mario" password="mario" authorities="ROLE_USER, ROLE_SUPERVISOR" />
				<user name="sofia" password="sofia" authorities="ROLE_USER, ROLE_SUPERVISOR" />
				<user name="luigi" password="luigi" authorities="ROLE_USER" />
				<user name="federica" password="federica" authorities="ROLE_USER" />
			</user-service>
		</authentication-provider>
	</authentication-manager>
	
</beans:beans>